{"proxies":{"ti.revenuecat.TiRevenuecatModule":{"superPackageName":"org.appcelerator.kroll","methods":{"init":{"runOnUiThread":false,"hasInvocation":false,"args":[{"converter":"org.appcelerator.kroll.KrollConverter","defaultValueProvider":"org.appcelerator.kroll.KrollConverter","name":"dict","sourceName":"dict","type":"org.appcelerator.kroll.KrollDict"}],"apiName":"init","converter":"org.appcelerator.kroll.KrollConverter","defaultValueProvider":"org.appcelerator.kroll.KrollConverter","name":"__default_name__","returnType":"void"},"restorePurchases":{"runOnUiThread":false,"hasInvocation":false,"args":[],"apiName":"restorePurchases","converter":"org.appcelerator.kroll.KrollConverter","defaultValueProvider":"org.appcelerator.kroll.KrollConverter","name":"__default_name__","returnType":"void"},"purchase":{"runOnUiThread":false,"hasInvocation":false,"args":[{"converter":"org.appcelerator.kroll.KrollConverter","defaultValueProvider":"org.appcelerator.kroll.KrollConverter","name":"identifier","sourceName":"identifier","type":"java.lang.String"}],"apiName":"purchase","converter":"org.appcelerator.kroll.KrollConverter","defaultValueProvider":"org.appcelerator.kroll.KrollConverter","name":"__default_name__","returnType":"void"},"offerings":{"runOnUiThread":false,"hasInvocation":false,"args":[],"apiName":"offerings","converter":"org.appcelerator.kroll.KrollConverter","defaultValueProvider":"org.appcelerator.kroll.KrollConverter","name":"__default_name__","returnType":"void"}},"superProxyBindingClassName":"org.appcelerator.kroll.KrollModuleBindingGen","proxyClassName":"TiRevenuecatModule","proxyAttrs":{"propertyAccessors":[],"fullAPIName":"TiRevenuecat","name":"TiRevenuecat","proxyClassName":"ti.revenuecat.TiRevenuecatModule","isTopLevel":false,"id":"ti.revenuecat"},"packageName":"ti.revenuecat","sourceName":"ti.revenuecat.TiRevenuecatModuleBindingGen","isTitaniumSdk":false,"superProxyClassName":"KrollModule","isModule":true,"genClassName":"TiRevenuecatModuleBindingGen","onAppCreate":"onAppCreate"}},"modules":{"ti.revenuecat.TiRevenuecatModule":{"apiName":"TiRevenuecat"}}}